,Accuracy,Precision,Recall,F1-score,AUC,MCC
classic_c4,0.6908622088306872,0.6630953210725985,0.7733596562536291,0.7139954647553595,0.7478054172186404,0.38730161216714015
classic_c5,0.7497334569475026,0.7070640794310912,0.8509813029845547,0.7723758478394915,0.821393172865123,0.5103053380357369
distilbert_c3,0.9407115540618843,0.9370147672034465,0.9446754151666473,0.9408294973514376,0.9836111699090658,0.8814539454294517
distilbert_c4,0.9339494727083092,0.9307152163636154,0.9374056439437928,0.934048449713317,0.9803811827202229,0.8679226782983194
distilbert_c5,0.9330165720245683,0.925990263079701,0.9409592381837185,0.9334147409165264,0.9801058536435406,0.8661497688914664
lora_c3,0.7336655464132577,0.6880691826256418,0.8528510045290907,0.7616494332147562,0.8149241304483091,0.48153345386383556
lora_c3.1,0.7586742380345347,0.7121683527390723,0.866577633259784,0.7818219917229817,0.8413554251377299,0.5301095219198262
